sensor,missing_pct_all
sensor_000,0.38
sensor_001,0.45
sensor_002,0.89
sensor_003,0.89
sensor_004,0.89
sensor_005,0.89
sensor_006,0.89
sensor_007,0.57
sensor_008,0.13
sensor_009,0.13
sensor_010,0.13
sensor_011,0.13
sensor_012,0.13
sensor_013,0.19
sensor_014,0.19
sensor_015,0.19
sensor_016,0.19
sensor_017,0.19
sensor_018,0.19
sensor_019,0.64
sensor_020,0.0
sensor_021,0.13
sensor_022,0.13
sensor_023,0.13
sensor_024,0.13
sensor_025,0.13
sensor_026,0.13
sensor_027,0.13
sensor_028,0.13
sensor_029,0.13
sensor_030,0.13
sensor_031,0.13
sensor_032,0.06
sensor_033,0.06
sensor_034,0.06
sensor_035,0.06
sensor_036,0.06
sensor_037,0.06
sensor_038,0.06
sensor_039,0.06
sensor_040,1.53
sensor_041,1.53
sensor_042,0.06
sensor_043,0.06
sensor_044,0.06
sensor_045,0.06
sensor_046,0.06
sensor_047,0.06
sensor_048,0.06
sensor_049,0.06
sensor_050,0.06
sensor_051,0.06
sensor_052,0.06
sensor_053,0.26
sensor_054,0.26
sensor_055,0.26
sensor_056,0.26
sensor_057,0.26
sensor_058,0.26
sensor_059,0.45
sensor_060,0.38
sensor_061,0.38
sensor_062,0.38
sensor_063,0.45
sensor_064,0.45
sensor_065,0.45
sensor_066,0.38
sensor_067,0.38
sensor_068,0.38
sensor_069,0.38
sensor_070,0.38
sensor_071,0.38
sensor_072,50.67
sensor_073,50.67
sensor_074,0.38
sensor_075,1.53
sensor_076,1.53
sensor_077,1.53
sensor_078,1.53
sensor_079,1.53
sensor_080,1.53
sensor_081,1.53
sensor_082,1.53
sensor_083,0.06
sensor_084,0.77
sensor_085,85.58
sensor_086,0.0
sensor_087,0.0
sensor_088,0.0
sensor_089,3.25
sensor_090,3.25
sensor_091,0.38
sensor_092,0.13
sensor_093,0.13
sensor_094,0.38
sensor_095,0.38
sensor_096,0.38
sensor_097,0.38
sensor_098,0.38
sensor_099,0.38
sensor_100,0.38
sensor_101,0.38
sensor_102,0.38
sensor_103,0.13
sensor_104,0.13
sensor_105,0.38
sensor_106,0.38
sensor_107,0.38
sensor_108,0.38
sensor_109,64.96
sensor_110,64.96
sensor_111,64.96
sensor_112,45.63
sensor_113,0.0
sensor_114,0.0
sensor_115,0.0
sensor_116,0.0
sensor_117,0.0
sensor_118,1.53
sensor_119,0.0
sensor_120,0.0
sensor_121,0.57
sensor_122,0.57
sensor_123,0.57
sensor_124,0.57
sensor_125,0.57
sensor_126,0.57
sensor_127,0.57
sensor_128,0.57
sensor_129,0.57
sensor_130,0.57
sensor_131,0.57
sensor_132,0.51
sensor_133,0.51
sensor_134,0.51
sensor_135,0.32
sensor_136,0.38
sensor_137,0.45
sensor_138,0.89
sensor_139,0.89
sensor_140,0.89
sensor_141,0.89
sensor_142,0.89
sensor_143,0.57
sensor_144,0.13
sensor_145,0.13
sensor_146,0.13
sensor_147,0.13
sensor_148,0.13
sensor_149,0.19
sensor_150,0.19
sensor_151,0.19
sensor_152,0.19
sensor_153,0.19
sensor_154,0.19
sensor_155,0.64
sensor_156,0.0
sensor_157,91.19
sensor_158,91.19
sensor_159,0.13
sensor_160,0.13
sensor_161,0.13
sensor_162,0.13
sensor_163,0.13
sensor_164,0.13
sensor_165,0.13
sensor_166,0.13
sensor_167,0.13
sensor_168,0.13
sensor_169,0.13
sensor_170,0.06
sensor_171,0.06
sensor_172,0.06
sensor_173,0.06
sensor_174,0.06
sensor_175,0.06
sensor_176,0.06
sensor_177,0.06
sensor_178,1.53
sensor_179,0.06
sensor_180,0.06
sensor_181,0.06
sensor_182,0.06
sensor_183,0.06
sensor_184,0.06
sensor_185,0.06
sensor_186,0.06
sensor_187,0.06
sensor_188,0.06
sensor_189,0.06
sensor_190,0.26
sensor_191,0.26
sensor_192,0.26
sensor_193,0.26
sensor_194,0.26
sensor_195,0.26
sensor_196,0.45
sensor_197,0.38
sensor_198,0.38
sensor_199,0.38
sensor_200,0.45
sensor_201,0.45
sensor_202,0.45
sensor_203,0.38
sensor_204,0.38
sensor_205,0.38
sensor_206,0.38
sensor_207,0.38
sensor_208,0.38
sensor_209,0.38
sensor_210,1.53
sensor_211,1.53
sensor_212,1.53
sensor_213,1.53
sensor_214,1.53
sensor_215,1.53
sensor_216,1.53
sensor_217,1.53
sensor_218,0.06
sensor_219,0.77
sensor_220,85.58
sensor_221,0.0
sensor_222,0.0
sensor_223,0.0
sensor_224,3.25
sensor_225,3.25
sensor_226,0.38
sensor_227,0.13
sensor_228,0.13
sensor_229,0.38
sensor_230,0.38
sensor_231,0.38
sensor_232,0.38
sensor_233,0.38
sensor_234,0.38
sensor_235,0.38
sensor_236,0.38
sensor_237,0.38
sensor_238,0.13
sensor_239,0.13
sensor_240,0.38
sensor_241,0.38
sensor_242,0.38
sensor_243,0.38
sensor_244,64.96
sensor_245,64.96
sensor_246,64.96
sensor_247,45.63
sensor_248,0.0
sensor_249,0.0
sensor_250,0.0
sensor_251,0.0
sensor_252,0.0
sensor_253,1.53
sensor_254,0.0
sensor_255,0.0
sensor_256,0.57
sensor_257,0.57
sensor_258,0.57
sensor_259,0.57
sensor_260,0.57
sensor_261,0.57
sensor_262,0.57
sensor_263,0.57
sensor_264,0.57
sensor_265,0.57
sensor_266,0.57
sensor_267,0.51
sensor_268,0.51
sensor_269,0.51
sensor_270,0.32
sensor_271,0.38
sensor_272,0.45
sensor_273,0.89
sensor_274,0.89
sensor_275,0.89
sensor_276,0.89
sensor_277,0.89
sensor_278,0.57
sensor_279,0.13
sensor_280,0.13
sensor_281,0.13
sensor_282,0.13
sensor_283,0.13
sensor_284,0.19
sensor_285,0.19
sensor_286,0.19
sensor_287,0.19
sensor_288,0.19
sensor_289,0.19
sensor_290,0.64
sensor_291,0.0
sensor_292,91.19
sensor_293,91.19
sensor_294,0.13
sensor_295,0.13
sensor_296,0.13
sensor_297,0.13
sensor_298,0.13
sensor_299,0.13
sensor_300,0.13
sensor_301,0.13
sensor_302,0.13
sensor_303,0.13
sensor_304,0.13
sensor_305,0.06
sensor_306,0.06
sensor_307,0.06
sensor_308,0.06
sensor_309,0.06
sensor_310,0.06
sensor_311,0.06
sensor_312,0.06
sensor_313,1.53
sensor_314,1.53
sensor_315,0.06
sensor_316,0.06
sensor_317,0.06
sensor_318,0.06
sensor_319,0.06
sensor_320,0.06
sensor_321,0.06
sensor_322,0.06
sensor_323,0.06
sensor_324,0.06
sensor_325,0.06
sensor_326,0.26
sensor_327,0.26
sensor_328,0.26
sensor_329,0.26
sensor_330,0.26
sensor_331,0.26
sensor_332,0.45
sensor_333,0.38
sensor_334,0.38
sensor_335,0.38
sensor_336,0.45
sensor_337,0.45
sensor_338,0.45
sensor_339,0.38
sensor_340,0.38
sensor_341,0.38
sensor_342,0.38
sensor_343,0.38
sensor_344,0.38
sensor_345,50.67
sensor_346,50.67
sensor_347,0.38
sensor_348,1.53
sensor_349,1.53
sensor_350,1.53
sensor_351,1.53
sensor_352,1.53
sensor_353,1.53
sensor_354,1.53
sensor_355,1.53
sensor_356,0.06
sensor_357,0.77
sensor_358,85.58
sensor_359,0.0
sensor_360,0.0
sensor_361,0.0
sensor_362,3.25
sensor_363,3.25
sensor_364,0.38
sensor_365,0.13
sensor_366,0.13
sensor_367,0.38
sensor_368,0.38
sensor_369,0.38
sensor_370,0.38
sensor_371,0.38
sensor_372,0.38
sensor_373,0.38
sensor_374,0.38
sensor_375,0.38
sensor_376,0.13
sensor_377,0.13
sensor_378,0.38
sensor_379,0.38
sensor_380,0.38
sensor_381,0.38
sensor_382,64.96
sensor_383,64.96
sensor_384,64.96
sensor_385,45.63
sensor_386,0.0
sensor_387,0.0
sensor_388,0.0
sensor_389,0.0
sensor_390,0.0
sensor_391,1.53
sensor_392,0.0
sensor_393,0.0
sensor_394,0.57
sensor_395,0.57
sensor_396,0.57
sensor_397,0.57
sensor_398,0.57
sensor_399,0.57
sensor_400,0.57
sensor_401,0.57
sensor_402,0.57
sensor_403,0.57
sensor_404,0.57
sensor_405,0.51
sensor_406,0.51
sensor_407,0.51
sensor_408,0.32
sensor_409,0.38
sensor_410,0.45
sensor_411,0.89
sensor_412,0.89
sensor_413,0.89
sensor_414,0.89
sensor_415,0.89
sensor_416,0.57
sensor_417,0.13
sensor_418,0.13
sensor_419,0.13
sensor_420,0.13
sensor_421,0.13
sensor_422,0.19
sensor_423,0.19
sensor_424,0.19
sensor_425,0.19
sensor_426,0.19
sensor_427,0.19
sensor_428,0.64
sensor_429,0.0
sensor_430,0.13
sensor_431,0.13
sensor_432,0.13
sensor_433,0.13
sensor_434,0.13
sensor_435,0.13
sensor_436,0.13
sensor_437,0.13
sensor_438,0.13
sensor_439,0.13
sensor_440,0.13
sensor_441,0.06
sensor_442,0.06
sensor_443,0.06
sensor_444,0.06
sensor_445,0.06
sensor_446,0.06
sensor_447,0.06
sensor_448,0.06
sensor_449,1.53
sensor_450,1.53
sensor_451,0.06
sensor_452,0.06
sensor_453,0.06
sensor_454,0.06
sensor_455,0.06
sensor_456,0.06
sensor_457,0.06
sensor_458,0.06
sensor_459,0.06
sensor_460,0.06
sensor_461,0.06
sensor_462,0.26
sensor_463,0.26
sensor_464,0.26
sensor_465,0.26
sensor_466,0.26
sensor_467,0.26
sensor_468,0.45
sensor_469,0.38
sensor_470,0.38
sensor_471,0.38
sensor_472,0.45
sensor_473,0.45
sensor_474,0.45
sensor_475,0.38
sensor_476,0.38
sensor_477,0.38
sensor_478,0.38
sensor_479,0.38
sensor_480,0.38
sensor_481,0.38
sensor_482,1.53
sensor_483,1.53
sensor_484,1.53
sensor_485,1.53
sensor_486,1.53
sensor_487,1.53
sensor_488,1.53
sensor_489,1.53
sensor_490,0.06
sensor_491,0.77
sensor_492,85.58
sensor_493,0.0
sensor_494,0.0
sensor_495,0.0
sensor_496,3.25
sensor_497,3.25
sensor_498,0.38
sensor_499,0.13
sensor_500,0.13
sensor_501,0.38
sensor_502,0.38
sensor_503,0.38
sensor_504,0.38
sensor_505,0.38
sensor_506,0.38
sensor_507,0.38
sensor_508,0.38
sensor_509,0.38
sensor_510,0.13
sensor_511,0.13
sensor_512,0.38
sensor_513,0.38
sensor_514,0.38
sensor_515,0.38
sensor_516,64.96
sensor_517,64.96
sensor_518,64.96
sensor_519,45.63
sensor_520,0.0
sensor_521,0.0
sensor_522,0.0
sensor_523,0.0
sensor_524,0.0
sensor_525,1.53
sensor_526,0.0
sensor_527,0.0
sensor_528,0.57
sensor_529,0.57
sensor_530,0.57
sensor_531,0.57
sensor_532,0.57
sensor_533,0.57
sensor_534,0.57
sensor_535,0.57
sensor_536,0.57
sensor_537,0.57
sensor_538,0.57
sensor_539,0.51
sensor_540,0.51
sensor_541,0.51
sensor_542,0.13
sensor_543,0.13
sensor_544,0.13
sensor_545,0.13
sensor_546,16.59
sensor_547,16.59
sensor_548,16.59
sensor_549,16.59
sensor_550,16.59
sensor_551,16.59
sensor_552,16.59
sensor_553,16.59
sensor_554,16.59
sensor_555,16.59
sensor_556,16.59
sensor_557,16.59
sensor_558,0.06
sensor_559,0.06
sensor_560,0.06
sensor_561,0.06
sensor_562,17.42
sensor_563,17.42
sensor_564,17.42
sensor_565,17.42
sensor_566,17.42
sensor_567,17.42
sensor_568,17.42
sensor_569,17.42
sensor_570,0.0
sensor_571,0.0
sensor_572,0.0
sensor_573,0.0
sensor_574,0.0
sensor_575,0.0
sensor_576,0.0
sensor_577,0.0
sensor_578,60.56
sensor_579,60.56
sensor_580,60.56
sensor_581,60.56
sensor_582,0.06
sensor_583,0.06
sensor_584,0.06
sensor_585,0.06
sensor_586,0.06
sensor_587,0.06
sensor_588,0.06
sensor_589,0.06
